"Ranking","Name","Year","Minutes","Genre","Rating","Votes","Gross"
"1.","Citizen Kane","(1941)","119 min","Drama, Mystery","8.3","442,770","$1.59M"
"2.","The Godfather","(1972)","175 min","Crime, Drama","9.2","1,849,989","$134.97M"
"3.","The Wizard of Oz","(1939)","102 min","Adventure, Family, Fantasy","8.1","400,883","$2.08M"
"4.","The Shawshank Redemption","(1994)","142 min","Drama","9.3","2,669,409","$28.34M"
"5.","Pulp Fiction","(1994)","154 min","Crime, Drama","8.9","2,044,257","$107.93M"
"6.","Casablanca","(1942)","102 min","Drama, Romance, War","8.5","571,769","$1.02M"
"7.","The Third Man","(1949)","104 min","Film-Noir, Mystery, Thriller","8.1","172,546","$0.45M"
"8.","Star Wars: Episode V - The Empire Strikes Back","(1980)","124 min","Action, Adventure, Fantasy","8.7","1,288,916","$290.48M"
"9.","Schindler's List","(1993)","195 min","Biography, Drama, History","9","1,351,515","$96.90M"
"10.","Apocalypse Now","(1979)","147 min","Drama, Mystery, War","8.5","667,041","$83.47M"
"11.","Goodfellas","(1990)","145 min","Biography, Crime, Drama","8.7","1,157,302","$46.84M"
"12.","Singin' in the Rain","(1952)","103 min","Comedy, Musical, Romance","8.3","243,255","$8.82M"
"13.","Psycho","(1960)","109 min","Horror, Mystery, Thriller","8.5","671,547","$32.00M"
"14.","2001: A Space Odyssey","(1968)","149 min","Adventure, Sci-Fi","8.3","668,690","$56.95M"
"15.","Fight Club","(1999)","139 min","Drama","8.8","2,114,891","$37.03M"
"16.","Raging Bull","(1980)","129 min","Biography, Drama, Sport","8.2","355,041","$23.38M"
"17.","Taxi Driver","(1976)","114 min","Crime, Drama","8.2","830,974","$28.26M"
"18.","Seven Samurai","(1954)","207 min","Action, Drama","8.6","346,255","$0.27M"
"19.","The 400 Blows","(1959)","99 min","Crime, Drama","8.1","118,841",""
"20.","12 Angry Men","(1957)","96 min","Crime, Drama","9","788,430","$4.36M"
"21.","Dr. Strangelove or: How I Learned to Stop Worrying and Love the Bomb","(1964)","95 min","Comedy, War","8.4","491,519","$0.28M"
"22.","Vertigo","(1958)","128 min","Mystery, Romance, Thriller","8.3","403,060","$3.20M"
"23.","The Good, the Bad and the Ugly","(1966)","148 min","Adventure, Western","8.8","760,586","$6.10M"
"24.","City Lights","(1931)","87 min","Comedy, Drama, Romance","8.5","185,355","$0.02M"
"25.","Gone with the Wind","(1939)","238 min","Drama, Romance, War","8.2","316,450","$198.68M"
"26.","On the Waterfront","(1954)","108 min","Crime, Drama, Thriller","8.1","156,016","$9.60M"
"27.","The Godfather: Part II","(1974)","202 min","Crime, Drama","9","1,266,873","$57.30M"
"28.","The Dark Knight","(2008)","152 min","Action, Crime, Drama","9","2,642,297","$534.86M"
"29.","Blade Runner","(1982)","117 min","Action, Drama, Sci-Fi","8.1","769,365","$32.87M"
"30.","Star Wars","(1977)","121 min","Action, Adventure, Fantasy","8.6","1,361,479","$322.74M"
"31.","All About Eve","(1950)","138 min","Drama","8.2","132,080","$0.01M"
"32.","Raiders of the Lost Ark","(1981)","115 min","Action, Adventure","8.4","964,502","$248.16M"
"33.","Back to the Future","(1985)","116 min","Adventure, Comedy, Sci-Fi","8.5","1,201,245","$210.61M"
"34.","Lawrence of Arabia","(1962)","218 min","Adventure, Biography, Drama","8.3","294,655","$44.82M"
"35.","Jaws","(1975)","124 min","Adventure, Thriller","8.1","606,727","$260.00M"
"36.","12 Years a Slave","(2013)","134 min","Biography, Drama, History","8.1","701,099","$56.67M"
"37.","The Apartment","(1960)","125 min","Comedy, Drama, Romance","8.3","182,403","$18.60M"
"38.","Chinatown","(1974)","130 min","Drama, Mystery, Thriller","8.2","327,651","$8.49M"
"39.","Some Like It Hot","(1959)","121 min","Comedy, Music, Romance","8.2","268,154","$25.00M"
"40.","The Cabinet of Dr. Caligari","(1920)","58 min","Horror, Mystery, Thriller","8","64,769",""
"41.","The Great Dictator","(1940)","125 min","Comedy, Drama, War","8.4","224,605","$0.29M"
"42.","The Lord of the Rings: The Fellowship of the Ring","(2001)","178 min","Action, Adventure, Drama","8.8","1,869,171","$315.54M"
"43.","Alien","(1979)","117 min","Horror, Sci-Fi","8.5","881,122","$78.90M"
"44.","The Searchers","(1956)","119 min","Adventure, Drama, Western","7.9","90,274",""
"45.","Andrei Rublev","(1966)","205 min","Biography, Drama, History","8.1","54,114","$0.10M"
"46.","Spotlight","(I) (2015)","129 min","Biography, Crime, Drama","8.1","470,444","$45.06M"
"47.","Once Upon a Time in the West","(1968)","165 min","Western","8.5","329,886","$5.32M"
"48.","Moonlight","(I) (2016)","111 min","Drama","7.4","309,111","$27.85M"
"49.","Metropolis","(1927)","153 min","Drama, Sci-Fi","8.3","175,168","$1.24M"
"50.","The Lord of the Rings: The Return of the King","(2003)","201 min","Action, Adventure, Drama","9","1,839,981","$377.85M"
"51.","Modern Times","(1936)","87 min","Comedy, Drama, Romance","8.5","243,087","$0.16M"
"52.","Aliens","(1986)","137 min","Action, Adventure, Sci-Fi","8.4","717,340","$85.16M"
"53.","It Happened One Night","(1934)","105 min","Comedy, Romance","8.1","104,792","$4.36M"
"54.","Laura","(1944)","88 min","Drama, Film-Noir, Mystery","7.9","48,018","$4.36M"
"55.","Terminator 2: Judgment Day","(1991)","137 min","Action, Sci-Fi","8.6","1,096,602","$204.84M"
"56.","A Clockwork Orange","(1971)","136 min","Crime, Sci-Fi","8.3","829,571","$6.21M"
"57.","E.T. the Extra-Terrestrial","(1982)","115 min","Adventure, Family, Sci-Fi","7.9","410,768","$435.11M"
"58.","Nosferatu","(1922)","94 min","Fantasy, Horror","7.9","98,586",""
"59.","Snow White and the Seven Dwarfs","(1937)","83 min","Animation, Adventure, Family","7.6","200,855","$184.93M"
"60.","The Battle of Algiers","(1966)","121 min","Drama, War","8.1","60,787","$0.06M"
"61.","La Grande Illusion","(1937)","113 min","Drama, War","8.1","37,045","$0.17M"
"62.","North by Northwest","(1959)","136 min","Action, Adventure, Mystery","8.3","328,876","$13.28M"
"63.","Butch Cassidy and the Sundance Kid","(1969)","110 min","Biography, Crime, Drama","8","216,969","$102.31M"
"64.","Repulsion","(1965)","105 min","Drama, Horror, Thriller","7.6","53,939",""
"65.","The Maltese Falcon","(1941)","100 min","Crime, Film-Noir, Mystery","8","159,534","$2.11M"
"66.","Gravity","(2013)","91 min","Drama, Sci-Fi, Thriller","7.7","826,295","$274.09M"
"67.","Sunset Blvd.","(1950)","110 min","Drama, Film-Noir","8.4","222,690",""
"68.","King Kong","(1933)","100 min","Adventure, Horror, Sci-Fi","7.9","86,311","$10.00M"
"69.","Toy Story","(1995)","81 min","Animation, Adventure, Comedy","8.3","991,954","$191.80M"
"70.","Rear Window","(1954)","112 min","Mystery, Thriller","8.5","491,937","$36.76M"
"71.","Rashomon","(1950)","88 min","Crime, Drama, Mystery","8.2","169,440","$0.10M"
"72.","The Adventures of Robin Hood","(1938)","102 min","Action, Adventure, Romance","7.9","51,609","$3.98M"
"73.","A Hard Day's Night","(1964)","87 min","Comedy, Musical","7.5","45,672","$13.78M"
"74.","Bride of Frankenstein","(1935)","75 min","Drama, Horror, Sci-Fi","7.8","49,517","$4.36M"
"75.","M","(1931)","117 min","Crime, Mystery, Thriller","8.3","158,782","$0.03M"
"76.","The Philadelphia Story","(1940)","112 min","Comedy, Romance","7.9","69,931",""
"77.","The Treasure of the Sierra Madre","(1948)","126 min","Adventure, Drama, Western","8.2","125,705","$5.01M"
"78.","All Quiet on the Western Front","(1930)","152 min","Drama, War","8.1","63,205","$3.27M"
"79.","Bicycle Thieves","(1948)","89 min","Drama","8.3","164,351","$0.33M"
"80.","The Graduate","(1967)","106 min","Comedy, Drama, Romance","8","274,457","$104.95M"
"81.","Army of Shadows","(1969)","145 min","Drama, War","8.1","23,945","$0.74M"
"82.","A Streetcar Named Desire","(1951)","122 min","Drama","7.9","109,083","$8.00M"
"83.","The Night of the Hunter","(1955)","92 min","Crime, Drama, Film-Noir","8","90,277","$0.65M"
"84.","One Flew Over the Cuckoo's Nest","(1975)","133 min","Drama","8.7","1,006,194","$112.00M"
"85.","Rebecca","(1940)","130 min","Drama, Film-Noir, Mystery","8.1","138,092","$4.36M"
"86.","Selma","(2014)","128 min","Biography, Drama, History","7.5","92,112","$52.08M"
"87.","Rosemary's Baby","(1968)","137 min","Drama, Horror","8","218,496",""
"88.","Frankenstein","(1931)","70 min","Drama, Horror, Sci-Fi","7.8","74,068",""
"89.","The General","(1926)","67 min","Action, Adventure, Comedy","8.2","92,157","$1.03M"
"90.","The Conformist","(1970)","113 min","Drama","7.9","31,021","$0.54M"
"91.","Touch of Evil","(1958)","95 min","Crime, Drama, Film-Noir","8","105,312","$2.24M"
"92.","Annie Hall","(1977)","93 min","Comedy, Romance","8","266,637","$39.20M"
"93.","It's a Wonderful Life","(1946)","130 min","Drama, Family, Fantasy","8.6","456,120",""
"94.","The Day the Earth Stood Still","(1951)","92 min","Drama, Sci-Fi","7.8","82,531",""
"95.","The Hurt Locker","(2008)","131 min","Drama, Thriller, War","7.5","453,147","$17.02M"
"96.","L.A. Confidential","(1997)","138 min","Crime, Drama, Mystery","8.2","583,648","$64.62M"
"97.","Mad Max: Fury Road","(2015)","120 min","Action, Adventure, Sci-Fi","8.1","1,000,410","$154.06M"
"98.","Pinocchio","(1940)","88 min","Animation, Adventure, Comedy","7.5","148,337","$84.25M"
"99.","The 39 Steps","(1935)","86 min","Crime, Mystery, Thriller","7.6","57,755",""
"100.","Rome, Open City","(1945)","103 min","Drama, Thriller, War","8","26,954",""
"101.","Tokyo Story","(1953)","136 min","Drama","8.2","62,373",""
"102.","The Last Picture Show","(1971)","118 min","Drama, Romance","8","48,916","$29.13M"
"103.","The Grapes of Wrath","(1940)","129 min","Drama","8.1","93,962","$0.06M"
"104.","To Kill a Mockingbird","(1962)","129 min","Crime, Drama","8.3","317,433",""
"105.","Mr. Smith Goes to Washington","(1939)","129 min","Comedy, Drama","8.1","116,353","$9.60M"
"106.","The Wages of Fear","(1953)","131 min","Adventure, Drama, Thriller","8.2","61,812",""
"107.","Patton","(1970)","172 min","Biography, Drama, War","7.9","102,929","$61.70M"
"108.","Roman Holiday","(1953)","118 min","Comedy, Romance","8","139,459",""
"109.","High Noon","(1952)","85 min","Drama, Thriller, Western","8","105,103","$9.45M"
"110.","Double Indemnity","(1944)","107 min","Crime, Drama, Film-Noir","8.3","158,194","$5.72M"
"111.","Forrest Gump","(1994)","142 min","Drama, Romance","8.8","2,069,583","$330.25M"
"112.","The Silence of the Lambs","(1991)","118 min","Crime, Drama, Thriller","8.6","1,428,301","$130.74M"
"113.","There Will Be Blood","(2007)","158 min","Drama","8.2","586,906","$40.22M"
"114.","Die Hard","(1988)","132 min","Action, Thriller","8.2","876,064","$83.01M"
"115.","Fargo","(1996)","98 min","Crime, Thriller","8.1","678,339","$24.61M"
"116.","American Beauty","(1999)","122 min","Drama","8.4","1,153,783","$130.10M"
"117.","The Matrix","(1999)","136 min","Action, Sci-Fi","8.7","1,906,995","$171.48M"
"118.","The Bridge on the River Kwai","(1957)","161 min","Adventure, Drama, War","8.2","221,719","$44.91M"
"119.","The Best Years of Our Lives","(1946)","170 min","Drama, Romance, War","8.1","65,236","$23.65M"
"120.","Roma","(2018)","135 min","Drama","7.7","159,179",""
"121.","White Heat","(1949)","114 min","Action, Crime, Drama","8.1","33,420",""
"122.","The Sound of Music","(1965)","172 min","Biography, Drama, Family","8.1","235,538","$163.21M"
"123.","Inception","(2010)","148 min","Action, Adventure, Sci-Fi","8.8","2,341,880","$292.58M"
"124.","Bonnie and Clyde","(1967)","111 min","Action, Biography, Crime","7.7","114,067",""
"125.","Midnight Cowboy","(1969)","113 min","Drama","7.8","111,988","$44.79M"
"126.","Shane","(1953)","118 min","Drama, Western","7.6","41,363","$20.00M"
"127.","Intolerance: Love's Struggle Throughout the Ages","(1916)","163 min","Drama, History","7.7","15,763","$2.18M"
"128.","Man on Wire","(2008)","94 min","Documentary, Biography, Crime","7.7","56,386","$2.96M"
"129.","Battleship Potemkin","(1925)","75 min","Drama, History, Thriller","7.9","58,318","$0.05M"
"130.","Anatomy of a Murder","(1959)","161 min","Drama, Mystery","8","66,990","$11.90M"
"131.","The Leopard","(1963)","186 min","Drama, History","8","26,364",""
"132.","The Lady Vanishes","(1938)","96 min","Mystery, Thriller","7.8","53,304",""
"133.","Cool Hand Luke","(1967)","127 min","Crime, Drama","8.1","178,240","$16.22M"
"134.","The Usual Suspects","(1995)","106 min","Crime, Drama, Mystery","8.5","1,083,575","$23.34M"
"135.","The Shining","(1980)","146 min","Drama, Horror","8.4","1,020,153","$44.02M"
"136.","City of God","(2002)","130 min","Crime, Drama","8.6","756,103","$7.56M"
"137.","Heat","(1995)","170 min","Action, Crime, Drama","8.3","654,489","$67.44M"
"138.","Kind Hearts and Coronets","(1949)","106 min","Comedy, Crime","8","37,740",""
"139.","The Big Lebowski","(1998)","117 min","Comedy, Crime","8.1","808,436","$17.50M"
"140.","La dolce vita","(1960)","174 min","Comedy, Drama","8","73,902","$19.52M"
"141.","Fantasia","(1940)","125 min","Animation, Family, Fantasy","7.7","97,471","$76.41M"
"142.","No Country for Old Men","(2007)","122 min","Crime, Drama, Thriller","8.2","971,259","$74.28M"
"143.","This Is Spinal Tap","(1984)","82 min","Comedy, Music","7.9","140,602","$4.74M"
"144.","Three Colours: Red","(1994)","99 min","Drama, Mystery, Romance","8.1","103,968","$4.04M"
"145.","Good Will Hunting","(1997)","126 min","Drama, Romance","8.3","966,109","$138.43M"
"146.","Federico Fellini's 8½","(1963)","138 min","Drama","8","118,759","$0.05M"
"147.","Spirited Away","(2001)","125 min","Animation, Adventure, Family","8.6","761,176","$10.06M"
"148.","La La Land","(2016)","128 min","Comedy, Drama, Music","8","587,184","$151.10M"
"149.","West Side Story","(1961)","153 min","Crime, Drama, Musical","7.6","114,844","$43.66M"
"150.","The Deer Hunter","(1978)","183 min","Drama, War","8.1","340,348","$48.98M"
"151.","M*A*S*H","(1970)","116 min","Comedy, Drama, War","7.4","73,810","$81.60M"
"152.","Beauty and the Beast","(1991)","84 min","Animation, Family, Fantasy","8","455,543","$218.97M"
"153.","The Lives of Others","(2006)","137 min","Drama, Mystery, Thriller","8.4","390,237","$11.29M"
"154.","The Artist","(I) (2011)","100 min","Comedy, Drama, Romance","7.9","242,170","$44.67M"
"155.","Whiplash","(2014)","106 min","Drama, Music","8.5","856,136","$13.09M"
"156.","The King's Speech","(2010)","118 min","Biography, Drama, History","8","681,472","$138.80M"
"157.","Invasion of the Body Snatchers","(1956)","80 min","Drama, Horror, Sci-Fi","7.7","50,838",""
"158.","Birdman or (The Unexpected Virtue of Ignorance)","(2014)","119 min","Comedy, Drama","7.7","630,650","$42.34M"
"159.","Manchester by the Sea","(2016)","137 min","Drama","7.8","283,606","$47.70M"
"160.","The Lord of the Rings: The Two Towers","(2002)","179 min","Action, Adventure, Drama","8.8","1,661,446","$342.55M"
"161.","Close Encounters of the Third Kind","(1977)","138 min","Drama, Sci-Fi","7.6","203,386","$132.09M"
"162.","Brooklyn","(2015)","117 min","Drama, Romance","7.5","143,322","$38.32M"
"163.","Million Dollar Baby","(2004)","132 min","Drama, Sport","8.1","687,744","$100.49M"
"164.","Das Boot","(1981)","149 min","Drama, War","8.4","251,779","$11.49M"
"165.","Hell or High Water","(II) (2016)","102 min","Crime, Drama, Thriller","7.6","232,399","$26.86M"
"166.","Ordinary People","(1980)","124 min","Drama","7.7","52,920","$54.80M"
"167.","The Pianist","(2002)","150 min","Biography, Drama, Music","8.5","830,232","$32.57M"
"168.","Come and See","(1985)","142 min","Drama, Thriller, War","8.4","80,629",""
"169.","Cinema Paradiso","(1988)","155 min","Drama, Romance","8.5","261,617","$11.99M"
"170.","His Girl Friday","(1940)","92 min","Comedy, Drama, Romance","7.8","59,396","$0.30M"
"171.","Harold and Maude","(1971)","91 min","Comedy, Drama, Romance","7.9","78,106",""
"172.","Witness for the Prosecution","(1957)","116 min","Crime, Drama, Mystery","8.4","126,169","$8.18M"
"173.","Paths of Glory","(1957)","88 min","Drama, War","8.4","198,126",""
"174.","Stand by Me","(1986)","89 min","Adventure, Drama","8.1","404,764","$52.29M"
"175.","Eternal Sunshine of the Spotless Mind","(2004)","108 min","Drama, Romance, Sci-Fi","8.3","1,006,241","$34.40M"
"176.","Barry Lyndon","(1975)","185 min","Adventure, Drama, War","8.1","169,044",""
"177.","Amadeus","(1984)","160 min","Biography, Drama, Music","8.4","401,718","$51.97M"
"178.","Oldboy","(2003)","120 min","Action, Drama, Mystery","8.4","579,178","$0.71M"
"179.","The Lion King","(1994)","88 min","Animation, Adventure, Drama","8.5","1,055,462","$422.78M"
"180.","Boyhood","(I) (2014)","165 min","Drama","7.9","355,435","$25.38M"
"181.","Argo","(2012)","120 min","Biography, Drama, Thriller","7.7","615,720","$136.03M"
"182.","Thelma & Louise","(1991)","130 min","Adventure, Crime, Drama","7.5","156,770","$45.36M"
"183.","A Matter of Life and Death","(1946)","104 min","Drama, Fantasy, Romance","8","22,424",""
"184.","Manhattan","(1979)","96 min","Comedy, Drama, Romance","7.9","141,108","$45.70M"
"185.","The Life and Death of Colonel Blimp","(1943)","163 min","Drama, Romance, War","8","15,110",""
"186.","The Great Escape","(1963)","172 min","Adventure, Drama, History","8.2","245,410","$12.10M"
"187.","Spartacus","(1960)","197 min","Adventure, Biography, Drama","7.9","135,856","$30.00M"
"188.","Monty Python and the Holy Grail","(1975)","91 min","Adventure, Comedy, Fantasy","8.2","542,235","$1.23M"
"189.","Brazil","(1985)","132 min","Drama, Sci-Fi","7.9","201,917","$9.93M"
"190.","Magnolia","(1999)","188 min","Drama","8","313,899","$22.46M"
"191.","Tootsie","(1982)","116 min","Comedy, Drama, Romance","7.4","108,047","$177.20M"
"192.","The Departed","(2006)","151 min","Crime, Drama, Thriller","8.5","1,321,691","$132.38M"
"193.","Arrival","(II) (2016)","116 min","Drama, Mystery, Sci-Fi","7.9","694,323","$100.55M"
"194.","Casino Royale","(2006)","144 min","Action, Adventure, Thriller","8","658,343","$167.45M"
"195.","When Harry Met Sally","(1989)","95 min","Comedy, Drama, Romance","7.7","222,390","$92.82M"
"196.","Slumdog Millionaire","(2008)","120 min","Crime, Drama, Romance","8","845,830","$141.32M"
"197.","Blue Velvet","(1986)","120 min","Crime, Drama, Mystery","7.7","200,847","$8.55M"
"198.","The King of Comedy","(1982)","109 min","Comedy, Crime, Drama","7.8","105,129","$2.50M"
"199.","The Breakfast Club","(1985)","97 min","Comedy, Drama","7.8","400,039","$45.88M"
"200.","WALL·E","(2008)","98 min","Animation, Adventure, Family","8.4","1,113,514","$223.81M"
"201.","Inside Out","(I) (2015)","95 min","Animation, Adventure, Comedy","8.2","712,529","$356.46M"
"202.","Ferris Bueller's Day Off","(1986)","103 min","Comedy","7.8","360,121","$70.14M"
"203.","Easy Rider","(1969)","95 min","Adventure, Drama","7.3","110,981","$41.73M"
"204.","Young Frankenstein","(1974)","106 min","Comedy","8","159,719","$86.30M"
"205.","Amélie","(2001)","122 min","Comedy, Romance","8.3","756,828","$33.23M"
"206.","Seven","(1995)","127 min","Crime, Drama, Mystery","8.6","1,645,902","$100.13M"
"207.","All the President's Men","(1976)","138 min","Drama, History, Thriller","7.9","116,830","$70.60M"
"208.","Leon","(1994)","110 min","Action, Crime, Drama","8.5","1,158,185","$19.50M"
"209.","The Kid","(1921)","68 min","Comedy, Drama, Family","8.3","127,123","$5.45M"
"210.","The Passion of Joan of Arc","(1928)","110 min","Biography, Drama, History","8.2","55,476","$0.02M"
"211.","Life Is Beautiful","(1997)","116 min","Comedy, Drama, Romance","8.6","693,917","$57.60M"
"212.","Rocky","(1976)","120 min","Drama, Sport","8.1","576,278","$117.24M"
"213.","Trainspotting","(1996)","93 min","Drama","8.1","687,567","$16.50M"
"214.","Star Wars: Return of the Jedi","(1983)","131 min","Action, Adventure, Fantasy","8.3","1,052,027","$309.13M"
"215.","The Gold Rush","(1925)","95 min","Adventure, Comedy, Drama","8.2","112,083","$5.45M"
"216.","Unforgiven","(1992)","130 min","Drama, Western","8.2","412,970","$101.16M"
"217.","Memento","(2000)","113 min","Mystery, Thriller","8.4","1,235,654","$25.54M"
"218.","Sunrise: A Song of Two Humans","(1927)","94 min","Drama, Romance","8.1","51,439","$0.54M"
"219.","Nashville","(1975)","160 min","Comedy, Drama, Music","7.7","26,741","$14.82M"
"220.","Duck Soup","(1933)","69 min","Comedy, Musical","7.8","60,513",""
"221.","Sullivan's Travels","(1941)","90 min","Adventure, Comedy, Drama","7.9","26,734",""
"222.","Cabaret","(1972)","124 min","Drama, Music, Musical","7.8","55,754","$42.77M"
"223.","Network","(1976)","121 min","Drama","8.1","160,501",""
"224.","Saving Private Ryan","(1998)","169 min","Drama, War","8.6","1,387,433","$216.54M"
"225.","The African Queen","(1951)","105 min","Adventure, Drama, Romance","7.7","79,452","$0.54M"
"226.","Who's Afraid of Virginia Woolf?","(1966)","131 min","Drama","8","75,996",""
"227.","Red River","(1948)","133 min","Drama, Western","7.8","31,743",""
"228.","In the Heat of the Night","(1967)","110 min","Drama, Mystery, Thriller","7.9","77,132","$24.38M"
"229.","Dial M for Murder","(1954)","105 min","Crime, Thriller","8.2","176,880","$0.01M"
"230.","The Wild Bunch","(1969)","145 min","Action, Adventure, Western","7.9","85,399","$12.06M"
"231.","Titanic","(1997)","194 min","Drama, Romance","7.9","1,170,288","$659.33M"
"232.","A Night at the Opera","(1935)","96 min","Comedy, Music, Musical","7.8","33,226","$2.54M"
"233.","Platoon","(1986)","120 min","Drama, War","8.1","415,316","$138.53M"
"234.","Once Upon a Time in America","(1984)","229 min","Crime, Drama","8.3","352,653","$5.32M"
"235.","The Spirit of the Beehive","(1973)","98 min","Drama, Fantasy","7.8","18,878",""
"236.","A Separation","(2011)","123 min","Drama","8.3","245,844","$7.10M"
"237.","Toy Story 3","(2010)","103 min","Animation, Adventure, Comedy","8.3","835,282","$415.00M"
"238.","Bringing Up Baby","(1938)","102 min","Comedy","7.8","62,161",""
"239.","The Sixth Sense","(1999)","107 min","Drama, Mystery, Thriller","8.2","991,318","$293.51M"
"240.","Swing Time","(1936)","103 min","Comedy, Musical, Romance","7.5","13,873",""
"241.","The Conversation","(1974)","113 min","Drama, Mystery, Thriller","7.8","113,043","$4.42M"
"242.","Sophie's Choice","(1982)","150 min","Drama, Romance","7.5","48,814","$30.04M"
"243.","The French Connection","(1971)","104 min","Action, Crime, Drama","7.7","124,026","$15.63M"
"244.","Do the Right Thing","(1989)","120 min","Comedy, Drama","7.9","103,157","$27.55M"
"245.","Yankee Doodle Dandy","(1942)","126 min","Biography, Drama, Family","7.6","15,896","$11.80M"
"246.","Ben-Hur","(1959)","212 min","Adventure, Drama","8.1","240,134","$74.70M"
"247.","Rebel Without a Cause","(1955)","111 min","Drama","7.6","91,823",""
"248.","Almost Famous","(2000)","122 min","Adventure, Comedy, Drama","7.9","277,681","$32.53M"
"249.","Brokeback Mountain","(2005)","134 min","Drama, Romance","7.7","358,654","$83.04M"
"250.","Fitzcarraldo","(1982)","158 min","Adventure, Drama","8","35,576",""
"251.","Stagecoach","(1939)","96 min","Adventure, Drama, Western","7.8","49,733",""
"252.","The English Patient","(1996)","162 min","Drama, Romance, War","7.4","191,457","$78.65M"
"253.","American History X","(1998)","119 min","Crime, Drama","8.5","1,120,669","$6.72M"
"254.","The Magnificent Ambersons","(1942)","88 min","Drama, Romance","7.6","25,157",""
"255.","The Sting","(1973)","129 min","Comedy, Crime, Drama","8.3","263,168","$159.60M"
"256.","A Man for All Seasons","(1966)","120 min","Biography, Drama, History","7.7","34,987","$28.35M"
"257.","Lost in Translation","(2003)","102 min","Comedy, Drama","7.7","456,338","$44.59M"
"258.","Reservoir Dogs","(1992)","99 min","Crime, Thriller","8.3","1,016,403","$2.83M"
"259.","Shakespeare in Love","(1998)","123 min","Comedy, Drama, History","7.1","226,125","$100.32M"
"260.","Indiana Jones and the Last Crusade","(1989)","127 min","Action, Adventure","8.2","754,454","$197.17M"
"261.","The Princess Bride","(1987)","98 min","Adventure, Family, Fantasy","8","428,503","$30.86M"
"262.","Solaris","(1972)","167 min","Drama, Mystery, Sci-Fi","8","92,144",""
"263.","A Woman Under the Influence","(1974)","155 min","Drama, Romance","8.1","25,711","$13.34M"
"264.","Up","(2009)","96 min","Animation, Adventure, Comedy","8.3","1,041,976","$293.00M"
"265.","The Green Mile","(1999)","189 min","Crime, Drama, Fantasy","8.6","1,297,477","$136.80M"
"266.","Doctor Zhivago","(1965)","193 min","Drama, Romance, War","7.9","77,524","$111.72M"
"267.","Pan's Labyrinth","(2006)","118 min","Drama, Fantasy, War","8.2","669,552","$37.63M"
"268.","Goldfinger","(1964)","110 min","Action, Adventure, Thriller","7.7","191,962","$51.08M"
"269.","Airplane!","(1980)","88 min","Comedy","7.7","240,989","$83.40M"
"270.","Requiem for a Dream","(2000)","102 min","Drama","8.3","841,316","$3.64M"
"271.","The Thing","(1982)","109 min","Horror, Mystery, Sci-Fi","8.2","426,179","$13.78M"
"272.","Jurassic Park","(1993)","127 min","Action, Adventure, Sci-Fi","8.2","986,758","$402.45M"
"273.","The Terminator","(1984)","107 min","Action, Sci-Fi","8.1","864,476","$38.40M"
"274.","Blazing Saddles","(1974)","93 min","Comedy, Western","7.7","140,895","$119.50M"
"275.","Finding Nemo","(2003)","100 min","Animation, Adventure, Comedy","8.2","1,042,137","$380.84M"
"276.","The Wrestler","(2008)","109 min","Drama, Sport","7.9","307,450","$26.24M"
"277.","Before Sunset","(2004)","80 min","Drama, Romance","8.1","265,170","$5.82M"
"278.","Downfall","(2004)","156 min","Biography, Drama, History","8.2","356,654","$5.51M"
"279.","Full Metal Jacket","(1987)","116 min","Drama, War","8.3","742,621","$46.36M"
"280.","The Thin Red Line","(1998)","170 min","Drama, History, War","7.6","189,002","$36.40M"
"281.","Rio Bravo","(1959)","141 min","Western","8","63,364","$12.54M"
"282.","Harvey","(1950)","104 min","Comedy, Drama, Fantasy","7.9","56,021",""
"283.","Planet of the Apes","(1968)","112 min","Adventure, Sci-Fi","8","181,315","$33.40M"
"284.","Grave of the Fireflies","(1988)","89 min","Animation, Drama, War","8.5","277,636",""
"285.","La haine","(1995)","98 min","Crime, Drama","8.1","174,830","$0.31M"
"286.","Three Colors: Blue","(1993)","94 min","Drama, Music, Mystery","7.9","103,058","$1.32M"
"287.","Star Trek II: The Wrath of Khan","(1982)","113 min","Action, Adventure, Sci-Fi","7.7","122,694","$78.91M"
"288.","The Man Who Would Be King","(1975)","129 min","Adventure, War","7.8","49,518",""
"289.","The Red Shoes","(1948)","135 min","Drama, Music, Romance","8.1","35,592","$10.90M"
"290.","Gladiator","(2000)","155 min","Action, Adventure, Drama","8.5","1,495,870","$187.71M"
"291.","Boogie Nights","(1997)","155 min","Drama","7.9","267,181","$26.40M"
"292.","La Belle et la Bête","(1946)","96 min","Drama, Fantasy, Romance","7.9","26,771","$0.30M"
"293.","Badlands","(1973)","94 min","Action, Crime, Drama","7.7","73,759",""
"294.","My Father and My Son","(2005)","112 min","Drama, Family","8.2","87,216",""
"295.","Miracle on 34th Street","(1947)","96 min","Comedy, Drama, Family","7.9","48,634","$2.65M"
"296.","For a Few Dollars More","(1965)","132 min","Western","8.2","257,636","$15.00M"
"297.","Superman","(1978)","143 min","Action, Adventure, Sci-Fi","7.4","176,286","$134.22M"
"298.","Children of Heaven","(1997)","89 min","Drama, Family, Sport","8.2","75,374","$0.93M"
"299.","Ran","(1985)","162 min","Action, Drama, War","8.2","126,432","$4.14M"
"300.","The Hunt","(2012)","115 min","Drama","8.3","330,746","$0.69M"
"301.","Days of Heaven","(1978)","94 min","Drama, Romance","7.8","58,840",""
"302.","Braveheart","(1995)","178 min","Biography, Drama, History","8.4","1,036,814","$75.60M"
"303.","Harry Potter and the Deathly Hallows: Part 2","(2011)","130 min","Adventure, Family, Fantasy","8.1","873,536","$381.01M"
"304.","Room","(I) (2015)","118 min","Drama, Thriller","8.1","421,340","$14.68M"
"305.","Django Unchained","(2012)","165 min","Drama, Western","8.4","1,547,398","$162.81M"
"306.","Rushmore","(1998)","93 min","Comedy, Drama, Romance","7.6","186,791","$17.11M"
"307.","Get Out","(I) (2017)","104 min","Horror, Mystery, Thriller","7.7","609,305","$176.04M"
"308.","Scarface","(1983)","170 min","Crime, Drama","8.3","839,821","$45.60M"
"309.","Inglourious Basterds","(2009)","153 min","Adventure, Drama, War","8.3","1,443,620","$120.54M"
"310.","Drive","(I) (2011)","100 min","Action, Drama","7.8","640,673","$35.06M"
"311.","Star Wars: Episode VII - The Force Awakens","(2015)","138 min","Action, Adventure, Sci-Fi","7.8","930,209","$936.66M"
"312.","The Seventh Seal","(1957)","96 min","Drama, Fantasy","8.1","186,140",""
"313.","The Handmaiden","(2016)","145 min","Drama, Romance, Thriller","8.1","148,313","$2.01M"
"314.","The Truman Show","(1998)","103 min","Comedy, Drama","8.2","1,078,281","$125.62M"
"315.","Mulholland Drive","(2001)","147 min","Drama, Mystery, Thriller","7.9","357,098","$7.22M"
"316.","Life of Brian","(1979)","94 min","Comedy","8","400,746","$20.05M"
"317.","The Exorcist","(1973)","122 min","Horror","8.1","409,325","$232.91M"
"318.","Aladdin","(1992)","90 min","Animation, Adventure, Comedy","8","420,647","$217.35M"
"319.","The Wolf of Wall Street","(2013)","180 min","Biography, Comedy, Crime","8.2","1,402,646","$116.90M"
"320.","Donnie Darko","(2001)","113 min","Drama, Mystery, Sci-Fi","8","801,973","$1.48M"
"321.","Before Sunrise","(1995)","101 min","Drama, Romance","8.1","309,107","$5.54M"
"322.","Let the Right One In","(2008)","114 min","Drama, Fantasy, Horror","7.9","218,770","$2.12M"
"323.","The Bourne Ultimatum","(2007)","115 min","Action, Mystery, Thriller","8","635,908","$227.47M"
"324.","The Celebration","(1998)","105 min","Drama","8.1","87,754","$1.65M"
"325.","Ratatouille","(2007)","111 min","Animation, Adventure, Comedy","8.1","735,673","$206.45M"
"326.","JFK","(1991)","189 min","Drama, History, Thriller","8","157,430","$70.41M"
"327.","The Jungle Book","(1967)","78 min","Animation, Adventure, Comedy","7.6","184,439","$141.84M"
"328.","The Bandit","(1996)","128 min","Crime, Drama, Thriller","8.1","70,326",""
"329.","Children of Men","(2006)","109 min","Action, Drama, Sci-Fi","7.9","501,938","$35.55M"
"330.","The Social Network","(2010)","120 min","Biography, Drama","7.8","703,339","$96.96M"
"331.","Princess Mononoke","(1997)","134 min","Animation, Action, Adventure","8.4","394,931","$2.38M"
"332.","Ikiru","(1952)","143 min","Drama","8.3","79,200","$0.06M"
"333.","The Incredibles","(2004)","115 min","Animation, Action, Adventure","8","736,944","$261.44M"
"334.","Untouchable","(2011)","112 min","Biography, Comedy, Drama","8.5","856,286","$13.18M"
"335.","The Elephant Man","(1980)","124 min","Biography, Drama","8.2","242,292",""
"336.","In the Name of the Father","(1993)","133 min","Biography, Crime, Drama","8.1","176,082","$25.01M"
"337.","Kill Bill: Vol. 1","(2003)","111 min","Action, Crime, Drama","8.2","1,113,629","$70.10M"
"338.","Blade Runner 2049","(2017)","164 min","Action, Drama, Mystery","8","571,511","$92.05M"
"339.","Skyfall","(2012)","143 min","Action, Adventure, Thriller","7.8","697,801","$304.36M"
"340.","The Blues Brothers","(1980)","133 min","Action, Adventure, Comedy","7.9","201,021","$57.23M"
"341.","The Secret in Their Eyes","(2009)","129 min","Drama, Mystery, Romance","8.2","210,579","$6.39M"
"342.","Groundhog Day","(1993)","101 min","Comedy, Drama, Fantasy","8.1","631,712","$70.91M"
"343.","Yojimbo","(1961)","110 min","Action, Drama, Thriller","8.2","123,683",""
"344.","American Graffiti","(1973)","110 min","Comedy, Drama","7.4","91,289","$115.00M"
"345.","Crimes and Misdemeanors","(1989)","104 min","Comedy, Drama","7.8","58,504","$18.25M"
"346.","Amores perros","(2000)","154 min","Drama, Thriller","8.1","241,396","$5.38M"
"347.","Howl's Moving Castle","(2004)","119 min","Animation, Adventure, Family","8.2","395,534","$4.71M"
"348.","Gandhi","(1982)","191 min","Biography, Drama, History","8.1","232,543","$52.77M"
"349.","My Neighbour Totoro","(1988)","86 min","Animation, Comedy, Family","8.1","339,903","$1.11M"
"350.","Notorious","(1946)","102 min","Drama, Film-Noir, Romance","7.9","101,946","$10.46M"
"351.","Judgment at Nuremberg","(1961)","179 min","Drama, War","8.3","78,270",""
"352.","Sweet Smell of Success","(1957)","96 min","Drama, Film-Noir","8","32,789",""
"353.","Mary and Max","(2009)","92 min","Animation, Comedy, Drama","8.1","178,003",""
"354.","Her","(2013)","126 min","Drama, Romance, Sci-Fi","8","613,530","$25.57M"
"355.","Incendies","(2010)","131 min","Drama, Mystery","8.3","178,491","$6.86M"
"356.","Strangers on a Train","(1951)","101 min","Crime, Drama, Film-Noir","7.9","134,794","$7.63M"
"357.","Sin City","(2005)","124 min","Crime, Thriller","8","770,348","$74.10M"
"358.","Lock, Stock and Two Smoking Barrels","(1998)","107 min","Action, Comedy, Crime","8.2","582,843","$3.90M"
"359.","The Favourite","(2018)","119 min","Biography, Comedy, Drama","7.5","201,498","$34.37M"
"360.","Before Midnight","(2013)","109 min","Drama, Romance","7.9","159,423","$8.11M"
"361.","A Beautiful Mind","(2001)","135 min","Biography, Drama","8.2","931,865","$170.74M"
"362.","Carlito's Way","(1993)","144 min","Crime, Drama, Thriller","7.9","219,754","$36.95M"
"363.","The Untouchables","(1987)","119 min","Crime, Drama, Thriller","7.8","311,328","$76.27M"
"364.","Casino","(1995)","178 min","Crime, Drama","8.2","520,653","$42.44M"
"365.","Gran Torino","(2008)","116 min","Drama","8.1","776,041","$148.10M"
"366.","Memories of Murder","(2003)","131 min","Crime, Drama, Mystery","8.1","185,107","$0.01M"
"367.","Hacksaw Ridge","(2016)","139 min","Biography, Drama, History","8.1","525,245","$67.21M"
"368.","Silver Linings Playbook","(2012)","122 min","Comedy, Drama, Romance","7.7","710,481","$132.09M"
"369.","Little Miss Sunshine","(2006)","101 min","Comedy, Drama","7.8","482,834","$59.89M"
"370.","Nights of Cabiria","(1957)","110 min","Drama","8.1","49,494","$0.75M"
"371.","Into the Wild","(2007)","148 min","Adventure, Biography, Drama","8.1","623,870","$18.35M"
"372.","Dunkirk","(2017)","106 min","Action, Drama, History","7.8","657,797","$188.37M"
"373.","Shoplifters","(2018)","121 min","Crime, Drama, Thriller","7.9","77,426","$3.31M"
"374.","Stalker","(1979)","162 min","Drama, Sci-Fi","8.1","135,043","$0.23M"
"375.","Les Diaboliques","(1955)","117 min","Crime, Drama, Horror","8.1","66,407","$1.09M"
"376.","Hot Fuzz","(2007)","121 min","Action, Comedy, Mystery","7.8","506,999","$23.64M"
"377.","Gone Girl","(2014)","149 min","Drama, Mystery, Thriller","8.1","980,649","$167.77M"
"378.","Hotel Rwanda","(2004)","121 min","Biography, Drama, History","8.1","356,564","$23.53M"
"379.","Wild Tales","(2014)","122 min","Comedy, Drama, Thriller","8.1","199,263","$3.11M"
"380.","The Grand Budapest Hotel","(2014)","99 min","Adventure, Comedy, Crime","8.1","808,027","$59.10M"
"381.","Prisoners","(2013)","153 min","Crime, Drama, Mystery","8.1","710,292","$61.00M"
"382.","Persona","(1966)","85 min","Drama, Thriller","8.1","119,649",""
"383.","Toy Story 2","(1999)","92 min","Animation, Adventure, Comedy","7.9","581,768","$245.85M"
"384.","Short Term 12","(2013)","96 min","Drama","7.9","88,382","$1.01M"
"385.","The Martian","(2015)","144 min","Adventure, Drama, Sci-Fi","8","853,065","$228.43M"
"386.","Rush","(I) (2013)","123 min","Action, Biography, Drama","8.1","480,578","$26.95M"
"387.","Hachi: A Dog's Tale","(2009)","93 min","Biography, Drama, Family","8.1","285,952",""
"388.","Dawn of the Dead","(1978)","127 min","Horror, Thriller","7.8","122,162","$5.10M"
"389.","Catch Me If You Can","(2002)","141 min","Biography, Crime, Drama","8.1","979,510","$164.62M"
"390.","Akira","(1988)","124 min","Animation, Action, Drama","8","187,724","$0.55M"
"391.","Paper Moon","(1973)","102 min","Comedy, Crime, Drama","8.1","48,333","$30.93M"
"392.","Infernal Affairs","(2002)","101 min","Action, Crime, Drama","8","125,488","$0.17M"
"393.","Mary Poppins","(1964)","139 min","Comedy, Family, Fantasy","7.8","173,991","$102.27M"
"394.","Dog Day Afternoon","(1975)","125 min","Biography, Crime, Drama","8","258,298","$50.00M"
"395.","The Triplets of Belleville","(2003)","80 min","Animation, Adventure, Comedy","7.7","54,879","$7.00M"
"396.","Wings of Desire","(1987)","128 min","Drama, Fantasy, Romance","8","71,812","$3.33M"
"397.","What Ever Happened to Baby Jane?","(1962)","134 min","Drama, Horror, Thriller","8","57,249","$4.05M"
"398.","Anomalisa","(2015)","90 min","Animation, Comedy, Drama","7.2","72,442","$3.76M"
"399.","Edward Scissorhands","(1990)","105 min","Drama, Fantasy, Romance","7.9","492,709","$56.36M"
"400.","Ghostbusters","(1984)","105 min","Action, Comedy, Fantasy","7.8","416,849","$238.63M"
"401.","Halloween","(1978)","91 min","Horror, Thriller","7.7","282,519","$47.00M"
"402.","Fantastic Mr. Fox","(2009)","87 min","Animation, Adventure, Comedy","7.9","233,687","$21.00M"
"403.","The Help","(2011)","146 min","Drama","8.1","460,105","$169.71M"
"404.","Dazed and Confused","(1993)","103 min","Comedy","7.6","185,433","$7.99M"
"405.","The Nightmare Before Christmas","(1993)","76 min","Animation, Family, Fantasy","7.9","341,309","$75.08M"
"406.","In the Mood for Love","(2000)","98 min","Drama, Romance","8.1","150,943","$2.73M"
"407.","The Iron Giant","(1999)","86 min","Animation, Action, Adventure","8.1","199,248","$23.16M"
"408.","Avengers Assemble","(2012)","143 min","Action, Adventure, Sci-Fi","8","1,388,848","$623.28M"
"409.","Forbidden Planet","(1956)","98 min","Adventure, Sci-Fi","7.5","50,062","$3.00M"
"410.","Wild Strawberries","(1957)","91 min","Drama, Romance","8.1","108,101",""
"411.","The Man Who Shot Liberty Valance","(1962)","123 min","Drama, Western","8.1","76,788",""
"412.","Andaz Apna Apna","(1994)","160 min","Action, Comedy, Romance","8","53,678",""
"413.","Nausicaä of the Valley of the Wind","(1984)","117 min","Animation, Adventure, Sci-Fi","8","170,193","$0.50M"
"414.","Letters from Iwo Jima","(2006)","141 min","Action, Adventure, Drama","7.9","163,737","$13.76M"
"415.","Hero","(2002)","120 min","Action, Adventure, Drama","7.9","182,204","$53.71M"
"416.","Paris, Texas","(1984)","145 min","Drama","8.1","107,292","$2.18M"
"417.","Fanny and Alexander","(1982)","188 min","Drama","8.1","64,189","$4.97M"
"418.","Mystic River","(2003)","138 min","Crime, Drama, Mystery","7.9","457,859","$90.14M"
"419.","Baby Driver","(2017)","113 min","Action, Crime, Drama","7.6","538,452","$107.83M"
"420.","Snatch","(2000)","104 min","Comedy, Crime","8.2","855,662","$30.33M"
"421.","Warrior","(2011)","140 min","Action, Drama, Sport","8.2","473,291","$13.66M"
"422.","Sling Blade","(1996)","135 min","Drama","8","94,658","$24.48M"
"423.","Underground","(1995)","170 min","Comedy, Drama, Fantasy","8.1","58,837","$0.17M"
"424.","Cat on a Hot Tin Roof","(1958)","108 min","Drama","7.9","50,179","$17.57M"
"425.","Elite Squad","(2007)","115 min","Action, Crime, Drama","8","104,858","$0.01M"
"426.","V for Vendetta","(2005)","132 min","Action, Drama, Sci-Fi","8.2","1,121,380","$70.51M"
"427.","Le Samouraï","(1967)","105 min","Crime, Drama","8","52,231","$0.04M"
"428.","Spider-Man: Into the Spider-Verse","(2018)","117 min","Animation, Action, Adventure","8.4","526,106","$190.24M"
"429.","Spring, Summer, Fall, Winter... And Spring","(2003)","103 min","Drama, Romance","8","83,558","$2.38M"
"430.","The Legend of 1900","(1998)","169 min","Drama, Music, Romance","8","65,014","$0.26M"
"431.","About Elly","(2009)","119 min","Drama, Mystery","7.9","53,959","$0.11M"
"432.","Adaptation.","(2002)","115 min","Comedy, Drama","7.7","193,912","$22.25M"
"433.","Lady Bird","(2017)","94 min","Comedy, Drama","7.4","291,889","$48.96M"
"434.","Dances with Wolves","(1990)","181 min","Adventure, Drama, Western","8","266,648","$184.21M"
"435.","The Message","(1976)","177 min","Biography, Drama, History","8.1","48,113",""
"436.","Rififi","(1955)","118 min","Crime, Drama, Thriller","8.1","34,770","$0.06M"
"437.","Logan","(2017)","137 min","Action, Drama, Sci-Fi","8.1","762,000","$226.28M"
"438.","Elite Squad 2: The Enemy Within","(2010)","115 min","Action, Crime, Drama","8","83,608","$0.10M"
"439.","3-Iron","(2004)","88 min","Crime, Drama, Romance","7.9","55,655","$0.24M"
"440.","Sherlock Jr.","(1924)","45 min","Action, Comedy, Romance","8.2","50,678","$0.98M"
"441.","Ace in the Hole","(1951)","111 min","Drama, Film-Noir","8.1","36,484","$3.97M"
"442.","Edge of Tomorrow","(2014)","113 min","Action, Adventure, Sci-Fi","7.9","678,972","$100.21M"
"443.","Star Trek","(2009)","127 min","Action, Adventure, Sci-Fi","7.9","604,641","$257.73M"
"444.","Harry Potter and the Prisoner of Azkaban","(2004)","142 min","Adventure, Family, Fantasy","7.9","633,987","$249.36M"
"445.","Bambi","(1942)","69 min","Animation, Adventure, Drama","7.3","144,344","$102.80M"
"446.","The Thin Man","(1934)","91 min","Comedy, Crime, Mystery","7.9","30,295",""
"447.","Moon","(2009)","97 min","Drama, Mystery, Sci-Fi","7.8","360,546","$5.01M"
"448.","Freaks","(1932)","64 min","Drama, Horror","7.8","47,143","$0.63M"
"449.","Twelve Monkeys","(1995)","129 min","Mystery, Sci-Fi, Thriller","8","619,067","$57.14M"
"450.","Samsara","(I) (2011)","102 min","Documentary, Music","8.4","36,299","$2.67M"
"451.","Persepolis","(2007)","96 min","Animation, Biography, Drama","8","95,532","$4.45M"
"452.","Neon Genesis Evangelion: The End of Evangelion","(1997)","87 min","Animation, Action, Drama","8","55,686",""
"453.","Evil Dead II","(1987)","84 min","Comedy, Horror","7.7","166,356","$5.92M"
"454.","Who Framed Roger Rabbit","(1988)","104 min","Animation, Adventure, Comedy","7.7","202,880","$156.45M"
"455.","Serenity","(2005)","119 min","Action, Adventure, Sci-Fi","7.8","297,163","$25.51M"
"456.","Throne of Blood","(1957)","110 min","Drama, History","8.1","52,700",""
"457.","Monsters, Inc.","(2001)","92 min","Animation, Adventure, Comedy","8.1","907,920","$289.92M"
"458.","La Strada","(1954)","108 min","Drama","8","63,667",""
"459.","Pink Floyd: The Wall","(1982)","95 min","Drama, Fantasy, Music","8","81,684","$22.24M"
"460.","Mad Max 2","(1981)","96 min","Action, Adventure, Sci-Fi","7.6","182,138","$12.47M"
"461.","Dallas Buyers Club","(2013)","117 min","Biography, Drama","7.9","489,614","$27.30M"
"462.","Winter Sleep","(2014)","196 min","Drama","8.1","52,057","$0.17M"
"463.","Ex Machina","(2014)","108 min","Drama, Sci-Fi, Thriller","7.7","546,194","$25.44M"
"464.","Isle of Dogs","(2018)","101 min","Animation, Adventure, Comedy","7.8","170,040","$32.02M"
"465.","Pirates of the Caribbean: The Curse of the Black Pearl","(2003)","143 min","Action, Adventure, Fantasy","8.1","1,125,642","$305.41M"
"466.","Kill Bill: Vol. 2","(2004)","137 min","Action, Crime, Thriller","8","756,702","$66.21M"
"467.","Hunt for the Wilderpeople","(2016)","101 min","Adventure, Comedy, Drama","7.8","131,580","$5.20M"
"468.","Zootropolis","(2016)","108 min","Animation, Adventure, Comedy","8","499,404","$341.27M"
"469.","Song of the Sea","(2014)","93 min","Animation, Adventure, Drama","8","59,005","$0.86M"
"470.","District 9","(2009)","112 min","Action, Sci-Fi, Thriller","7.9","683,122","$115.65M"
"471.","Night of the Living Dead","(1968)","96 min","Horror, Thriller","7.8","130,548","$0.09M"
"472.","How to Train Your Dragon","(2010)","98 min","Animation, Action, Adventure","8.1","739,804","$217.58M"
"473.","Mission: Impossible - Fallout","(2018)","147 min","Action, Adventure, Thriller","7.7","333,537","$220.16M"
"474.","Mirror","(1975)","107 min","Biography, Drama","8","47,459","$0.18M"
"475.","Shaun of the Dead","(2004)","99 min","Comedy, Horror","7.9","559,816","$13.54M"
"476.","The Revenant","(2015)","156 min","Action, Adventure, Drama","8","803,251","$183.64M"
"477.","Shrek","(2001)","90 min","Animation, Adventure, Comedy","7.9","677,295","$267.67M"
"478.","Interstellar","(2014)","169 min","Adventure, Drama, Sci-Fi","8.6","1,817,609","$188.02M"
"479.","Minority Report","(2002)","145 min","Action, Crime, Mystery","7.6","553,078","$132.07M"
"480.","Laputa: Castle in the Sky","(1986)","125 min","Animation, Adventure, Family","8","167,517",""
"481.","The Big Sick","(2017)","120 min","Comedy, Drama, Romance","7.5","136,487","$42.87M"
"482.","Cinderella","(1950)","74 min","Animation, Family, Fantasy","7.3","161,897","$85.00M"
"483.","My Fair Lady","(1964)","170 min","Drama, Family, Musical","7.8","96,280","$72.00M"
"484.","Waltz with Bashir","(2008)","90 min","Documentary, Animation, Biography","8","58,289","$2.28M"
"485.","Brief Encounter","(1945)","86 min","Drama, Romance","8","40,681",""
"486.","Ghost in the Shell","(1995)","83 min","Animation, Action, Crime","7.9","144,208","$0.52M"
"487.","Chungking Express","(1994)","102 min","Comedy, Crime, Drama","8","83,105","$0.60M"
"488.","Mommy","(I) (2014)","139 min","Drama","8","57,661","$3.49M"
"489.","The Prestige","(2006)","130 min","Drama, Mystery, Sci-Fi","8.5","1,329,348","$53.09M"
"490.","The Innocents","(1961)","100 min","Horror","7.8","31,009","$2.62M"
"491.","Black Swan","(2010)","108 min","Drama, Thriller","8","767,479","$106.95M"
"492.","The Hidden Fortress","(1958)","139 min","Action, Adventure, Drama","8.1","39,553",""
"493.","Hereditary","(2018)","127 min","Drama, Horror, Mystery","7.3","317,035","$44.07M"
"494.","Black Cat, White Cat","(1998)","127 min","Comedy, Crime, Romance","8","54,330","$0.35M"
"495.","Sleuth","(1972)","138 min","Mystery, Thriller","8","48,106","$4.08M"
"496.","Coco","(I) (2017)","105 min","Animation, Adventure, Comedy","8.4","506,237","$209.73M"
"497.","Predator","(1987)","107 min","Action, Adventure, Horror","7.8","424,854","$59.74M"
"498.","My Sassy Girl","(2001)","137 min","Comedy, Drama, Romance","8","48,573",""
"499.","Dead Poets Society","(1989)","128 min","Comedy, Drama","8.1","491,235","$95.86M"
"500.","Breakfast at Tiffany's","(1961)","115 min","Comedy, Drama, Romance","7.6","181,599",""
"501.","Hidden Figures","(2016)","127 min","Biography, Drama, History","7.8","231,226","$169.61M"
"502.","The Imitation Game","(2014)","114 min","Biography, Drama, Thriller","8","769,480","$91.13M"
"503.","Shutter Island","(2010)","138 min","Mystery, Thriller","8.2","1,309,105","$128.01M"
"504.","Lincoln","(2012)","150 min","Biography, Drama, History","7.3","261,725","$182.21M"
"505.","The Perks of Being a Wallflower","(2012)","103 min","Drama","7.9","513,039","$17.74M"
"506.","A Fistful of Dollars","(1964)","99 min","Action, Drama, Western","7.9","218,637","$14.50M"
"507.","Zero Dark Thirty","(2012)","157 min","Drama, History, Thriller","7.4","302,655","$95.72M"
"508.","A Place in the Sun","(1951)","122 min","Drama, Romance","7.7","23,049",""
"509.","American Hustle","(2013)","138 min","Crime, Drama","7.2","480,115","$150.12M"
"510.","Rain Man","(1988)","133 min","Drama","8","515,371","$178.80M"
"511.","Giant","(1956)","201 min","Drama, Western","7.6","39,658",""
"512.","Cinderella Man","(2005)","144 min","Biography, Drama, Romance","8","189,036","$61.65M"
"513.","From Here to Eternity","(1953)","118 min","Drama, Romance, War","7.6","47,598","$30.50M"
"514.","Walk the Line","(2005)","136 min","Biography, Drama, Music","7.8","252,498","$119.52M"
"515.","The Last Emperor","(1987)","163 min","Biography, Drama, History","7.7","104,338","$43.98M"
"516.","Mutiny on the Bounty","(1935)","132 min","Adventure, Biography, Drama","7.7","23,353",""
"517.","The Longest Day","(1962)","178 min","Action, Drama, History","7.7","56,464","$39.10M"